{"@context":{"@language":"en","@vocab":"https://schema.org/","citeAs":"cr:citeAs","column":"cr:column","conformsTo":"dct:conformsTo","cr":"http://mlcommons.org/croissant/","data":{"@id":"cr:data","@type":"@json"},"dataBiases":"cr:dataBiases","dataCollection":"cr:dataCollection","dataType":{"@id":"cr:dataType","@type":"@vocab"},"dct":"http://purl.org/dc/terms/","extract":"cr:extract","field":"cr:field","fileProperty":"cr:fileProperty","fileObject":"cr:fileObject","fileSet":"cr:fileSet","format":"cr:format","includes":"cr:includes","isEnumeration":"cr:isEnumeration","jsonPath":"cr:jsonPath","key":"cr:key","md5":"cr:md5","parentField":"cr:parentField","path":"cr:path","personalSensitiveInformation":"cr:personalSensitiveInformation","recordSet":"cr:recordSet","references":"cr:references","regex":"cr:regex","repeated":"cr:repeated","replace":"cr:replace","sc":"https://schema.org/","separator":"cr:separator","source":"cr:source","subField":"cr:subField","transform":"cr:transform","wd":"https://www.wikidata.org/wiki/"},"alternateName":"Emotions dataset for NLP classification tasks ","conformsTo":"http://mlcommons.org/croissant/1.0","license":{"@type":"sc:CreativeWork","name":"CC BY-SA 4.0","url":"https://creativecommons.org/licenses/by-sa/4.0/"},"distribution":[{"contentUrl":"https://www.kaggle.com/api/v1/datasets/download/praveengovi/emotions-dataset-for-nlp?datasetVersionNumber=1","contentSize":"721.035 KB","md5":"tBs64yJrMi4yvy\u002B2ay5A0w==","encodingFormat":"application/zip","@id":"archive.zip","@type":"cr:FileObject","name":"archive.zip","description":"Archive containing all the contents of the Emotions dataset for NLP dataset"},{"includes":"*.txt","containedIn":{"@id":"archive.zip"},"encodingFormat":"text/plain","@id":"text-plain_fileset","@type":"cr:FileSet","name":"text/plain files","description":"text/plain files contained in archive.zip"}],"version":1,"keywords":["analysis \u003E nlp","technique \u003E deep learning","task \u003E multiclass classification"],"isAccessibleForFree":true,"includedInDataCatalog":{"@type":"sc:DataCatalog","name":"Kaggle","url":"https://www.kaggle.com"},"creator":{"@type":"sc:Person","name":"Praveen ","url":"/praveengovi","image":"https://storage.googleapis.com/kaggle-avatars/thumbnails/378285-kg.JPG"},"publisher":{"@type":"sc:Organization","name":"Kaggle","url":"https://www.kaggle.com/organizations/kaggle","image":"https://storage.googleapis.com/kaggle-organizations/4/thumbnail.png"},"thumbnailUrl":"https://storage.googleapis.com/kaggle-datasets-images/605165/1085454/3f5c75cec58f71577d76e960715836e2/dataset-card.png?t=2020-04-16-06-53-32","dateModified":"2020-04-16T06:47:48.53","datePublished":"2020-04-16T07:59:25.6743558","@type":"sc:Dataset","name":"Emotions dataset for NLP","url":"https://www.kaggle.com/datasets/praveengovi/emotions-dataset-for-nlp/versions/1","description":"### Context\n\nCollection of documents and its emotions, It helps greatly in NLP Classification tasks \n\n\n### Content\n\nList of documents with emotion flag, Dataset is split into train, test \u0026 validation for building the machine learning model\n\n**Example :-** \n      i feel like I am still looking at a blank canvas blank pieces of paper;sadness\n\n\n### Acknowledgements\n\nThanks to Elvis - https://lnkd.in/eXJ8QVB \u0026 Hugging face team\nThe technique to prepare the dataset -  https://www.aclweb.org/anthology/D18-1404/\n\n### Inspiration\n\nDataset helps the community to develop emotion classification models with NLP based approach.\n\nFew questions your emotion classification model can answer based on your customer review \n\n What is the sentiment of your customer comment? \n What is the mood of today\u0027s special food ? "}